{
  "negative": {
    "precision": 0.827027027027027,
    "recall": 0.8547486033519553,
    "f1-score": 0.8406593406593407,
    "support": 179
  },
  "positive": {
    "precision": 0.8555555555555555,
    "recall": 0.8279569892473119,
    "f1-score": 0.8415300546448087,
    "support": 186
  },
  "micro avg": {
    "precision": 0.8410958904109589,
    "recall": 0.8410958904109589,
    "f1-score": 0.8410958904109589,
    "support": 365
  },
  "macro avg": {
    "precision": 0.8412912912912913,
    "recall": 0.8413527962996337,
    "f1-score": 0.8410946976520747,
    "support": 365
  },
  "weighted avg": {
    "precision": 0.8415648525237567,
    "recall": 0.8410958904109589,
    "f1-score": 0.8411030469642642,
    "support": 365
  }
}