{
  "negative": {
    "precision": 0.8871989860583016,
    "recall": 0.8588957055214724,
    "f1-score": 0.8728179551122194,
    "support": 815
  },
  "positive": {
    "precision": 0.8576732673267327,
    "recall": 0.8861892583120204,
    "f1-score": 0.8716981132075472,
    "support": 782
  },
  "micro avg": {
    "precision": 0.8722604884157796,
    "recall": 0.8722604884157796,
    "f1-score": 0.8722604884157796,
    "support": 1597
  },
  "macro avg": {
    "precision": 0.8724361266925171,
    "recall": 0.8725424819167464,
    "f1-score": 0.8722580341598833,
    "support": 1597
  },
  "weighted avg": {
    "precision": 0.8727411826468509,
    "recall": 0.8722604884157796,
    "f1-score": 0.8722696042233944,
    "support": 1597
  }
}