{
  "negative": {
    "precision": 0.896551724137931,
    "recall": 0.8613496932515338,
    "f1-score": 0.8785982478097623,
    "support": 815
  },
  "positive": {
    "precision": 0.8611793611793612,
    "recall": 0.8964194373401535,
    "f1-score": 0.8784461152882206,
    "support": 782
  },
  "micro avg": {
    "precision": 0.878522229179712,
    "recall": 0.878522229179712,
    "f1-score": 0.878522229179712,
    "support": 1597
  },
  "macro avg": {
    "precision": 0.8788655426586461,
    "recall": 0.8788845652958437,
    "f1-score": 0.8785221815489914,
    "support": 1597
  },
  "weighted avg": {
    "precision": 0.8792310053942857,
    "recall": 0.878522229179712,
    "f1-score": 0.8785237533627707,
    "support": 1597
  }
}