{
  "negative": {
    "precision": 0.8152173913043478,
    "recall": 0.8379888268156425,
    "f1-score": 0.8264462809917356,
    "support": 179
  },
  "positive": {
    "precision": 0.8397790055248618,
    "recall": 0.8172043010752689,
    "f1-score": 0.8283378746594006,
    "support": 186
  },
  "micro avg": {
    "precision": 0.8273972602739726,
    "recall": 0.8273972602739726,
    "f1-score": 0.8273972602739726,
    "support": 365
  },
  "macro avg": {
    "precision": 0.8274981984146048,
    "recall": 0.8275965639454557,
    "f1-score": 0.8273920778255681,
    "support": 365
  },
  "weighted avg": {
    "precision": 0.8277337207427468,
    "recall": 0.8273972602739726,
    "f1-score": 0.8274102163949841,
    "support": 365
  }
}